enabled,name,postcode_area,listing_url,excluded_keywords,notes
TRUE,Akelius Residential,"E2, E8, E9, N1",https://rent.akelius.com/en/search/united-kingdom/apartment/london?borough=hackney,short let;holiday let;serviced apartment;student accommodation;house share;flat share;room only;parking;garage;commercial,agent rental/search page; scraper should filter postcode_area after parsing; Akelius exposes a London-wide search
TRUE,Austin Homes,London Fields +0.5mi,https://austinhomes.london/properties/to-rent/in-london-fields/within-0.5mi,short let;holiday let;serviced apartment;student accommodation;house share;flat share;room only;parking;garage;commercial,agent rental/search page; scraper should filter postcode_area after parsing
TRUE,Chancellors,E9,https://www.chancellors.co.uk/properties/search?page=1&area=E9&saleType=rent,short let;holiday let;serviced apartment;student accommodation;house share;flat share;room only;parking;garage;commercial,agent rental/search page; scraper should filter postcode_area after parsing; no reliable postcode path found in public search
TRUE,Chancellors,E8,https://www.chancellors.co.uk/properties/search?page=1&area=E8&saleType=rent,short let;holiday let;serviced apartment;student accommodation;house share;flat share;room only;parking;garage;commercial,agent rental/search page; scraper should filter postcode_area after parsing; no reliable postcode path found in public search
TRUE,Chancellors,N1,https://www.chancellors.co.uk/properties/search?page=1&area=N1&saleType=rent,short let;holiday let;serviced apartment;student accommodation;house share;flat share;room only;parking;garage;commercial,agent rental/search page; scraper should filter postcode_area after parsing; no reliable postcode path found in public search
TRUE,Chancellors,E2,https://www.chancellors.co.uk/properties/search?page=1&area=E2&saleType=rent,short let;holiday let;serviced apartment;student accommodation;house share;flat share;room only;parking;garage;commercial,agent rental/search page; scraper should filter postcode_area after parsing; no reliable postcode path found in public search
TRUE,Chestertons,E9,https://www.chestertons.co.uk/london/e9/lettings/from-2-bed/from-2500/up-to-4000,short let;holiday let;serviced apartment;student accommodation;house share;flat share;room only;parking;garage;commercial,area rental/search URL; scraper should filter postcode_area after parsing
TRUE,Chestertons,E8,https://www.chestertons.co.uk/london/e8/lettings/from-2-bed/from-2500/up-to-4000,short let;holiday let;serviced apartment;student accommodation;house share;flat share;room only;parking;garage;commercial,area rental/search URL; scraper should filter postcode_area after parsing
TRUE,Chestertons,N1,https://www.chestertons.co.uk/london/n1/lettings/from-2-bed/from-2500/up-to-4000,short let;holiday let;serviced apartment;student accommodation;house share;flat share;room only;parking;garage;commercial,area rental/search URL; scraper should filter postcode_area after parsing
TRUE,Chestertons,E2,https://www.chestertons.co.uk/london/E2/lettings/from-2-bed/from-2500/up-to-4000,short let;holiday let;serviced apartment;student accommodation;house share;flat share;room only;parking;garage;commercial,area rental/search URL; scraper should filter postcode_area after parsing
FALSE,Choice Homes,E9,https://www.choicehomesgroup.com/lettings/,short let;holiday let;serviced apartment;student accommodation;house share;flat share;room only;parking;garage;commercial,trash website
TRUE,David Astburys,E9,https://www.davidastburys.com/property/to-rent/in-hackney/,short let;holiday let;serviced apartment;student accommodation;house share;flat share;room only;parking;garage;commercial,area rental/search URL; scraper should filter postcode_area after parsing
TRUE,David Astburys,E8,https://www.davidastburys.com/property/to-rent/in-dalston/,short let;holiday let;serviced apartment;student accommodation;house share;flat share;room only;parking;garage;commercial,area rental/search URL; scraper should filter postcode_area after parsing
TRUE,David Astburys,N1,https://www.davidastburys.com/property/to-rent/in-islington/,short let;holiday let;serviced apartment;student accommodation;house share;flat share;room only;parking;garage;commercial,area rental/search URL; scraper should filter postcode_area after parsing
TRUE,David Astburys,E2,https://www.davidastburys.com/property/to-rent/in-shoreditch/,short let;holiday let;serviced apartment;student accommodation;house share;flat share;room only;parking;garage;commercial,area rental/search URL; scraper should filter postcode_area after parsing
TRUE,Dexters,E9,https://www.dexters.co.uk/property-lettings/flats-to-rent-in-e9,short let;holiday let;serviced apartment;student accommodation;house share;flat share;room only;parking;garage;commercial,postcode-specific rental/search URL where available
TRUE,Dexters,E8,https://www.dexters.co.uk/property-lettings/flats-to-rent-in-e8,short let;holiday let;serviced apartment;student accommodation;house share;flat share;room only;parking;garage;commercial,postcode-specific rental/search URL where available
TRUE,Dexters,N1,https://www.dexters.co.uk/property-lettings/flats-to-rent-in-n1,short let;holiday let;serviced apartment;student accommodation;house share;flat share;room only;parking;garage;commercial,postcode-specific rental/search URL where available
TRUE,Dexters,E2,https://www.dexters.co.uk/property-lettings/flats-to-rent-in-e2,short let;holiday let;serviced apartment;student accommodation;house share;flat share;room only;parking;garage;commercial,postcode-specific rental/search URL where available
TRUE,Dimension Estates,E9,https://www.dimension-estates.co.uk/?id=46405&action=view&route=search&view=list&input=E9&jengo_property_for=2&jengo_category=1&jengo_radius=-1&jengo_property_type=-1&jengo_min_beds=2&jengo_max_beds=2&jengo_min_bathrooms=0&jengo_max_bathrooms=9999&jengo_min_price=2500&jengo_max_price=5000&jengo_order=6&pfor_complete=&pfor_offer=on&trueSearch=E8&searchType=postcode&latitude=&longitude=#total-results-wrapper,short let;holiday let;serviced apartment;student accommodation;house share;flat share;room only;parking;garage;commercial,agent rental/search page; fixed malformed URL (& -> ? before query string); scraper should filter postcode_area after parsing
TRUE,Dimension Estates,E8,https://www.dimension-estates.co.uk/?id=46405&action=view&route=search&view=list&input=E8&jengo_property_for=2&jengo_category=1&jengo_radius=-1&jengo_property_type=-1&jengo_min_beds=2&jengo_max_beds=2&jengo_min_bathrooms=0&jengo_max_bathrooms=9999&jengo_min_price=2500&jengo_max_price=5000&jengo_order=6&pfor_complete=&pfor_offer=on&trueSearch=E8&searchType=postcode&latitude=&longitude=#total-results-wrapper,short let;holiday let;serviced apartment;student accommodation;house share;flat share;room only;parking;garage;commercial,agent rental/search page; fixed malformed URL (& -> ? before query string); scraper should filter postcode_area after parsing
TRUE,Dimension Estates,N1,https://www.dimension-estates.co.uk/?id=46405&action=view&route=search&view=list&input=N1&jengo_property_for=2&jengo_category=1&jengo_radius=-1&jengo_property_type=-1&jengo_min_beds=2&jengo_max_beds=2&jengo_min_bathrooms=0&jengo_max_bathrooms=9999&jengo_min_price=2500&jengo_max_price=5000&jengo_order=6&pfor_complete=&pfor_offer=on&trueSearch=E8&searchType=postcode&latitude=&longitude=#total-results-wrapper,short let;holiday let;serviced apartment;student accommodation;house share;flat share;room only;parking;garage;commercial,agent rental/search page; fixed malformed URL (& -> ? before query string); scraper should filter postcode_area after parsing
TRUE,Dimension Estates,E2,https://www.dimension-estates.co.uk/?id=46405&action=view&route=search&view=list&input=E2&jengo_property_for=2&jengo_category=1&jengo_radius=-1&jengo_property_type=-1&jengo_min_beds=2&jengo_max_beds=2&jengo_min_bathrooms=0&jengo_max_bathrooms=9999&jengo_min_price=2500&jengo_max_price=5000&jengo_order=6&pfor_complete=&pfor_offer=on&trueSearch=E8&searchType=postcode&latitude=&longitude=#total-results-wrapper,short let;holiday let;serviced apartment;student accommodation;house share;flat share;room only;parking;garage;commercial,agent rental/search page; fixed malformed URL (& -> ? before query string); scraper should filter postcode_area after parsing
TRUE,Elkay Properties,all,https://www.elkayproperties.co.uk/residential-lettings,short let;holiday let;serviced apartment;student accommodation;house share;flat share;room only;parking;garage;commercial,no filters
TRUE,Ellis & Co,E8+.5mi,https://www.ellisandco.co.uk/search-results/for-letting/in-E8/2-and-more-bedrooms/between-2750-and-4000/?radius=3,short let;holiday let;serviced apartment;student accommodation;house share;flat share;room only;parking;garage;commercial,agent rental/search page; scraper should filter postcode_area after parsing
FALSE,Ernest-Brooks International,E9,https://www.ernest-brooks.com/rent/,short let;holiday let;serviced apartment;student accommodation;house share;flat share;room only;parking;garage;commercial,"5k + a month, near stations"
FALSE,Essential Living,E9,https://www.essentialliving.co.uk/apartments-for-rent/,short let;holiday let;serviced apartment;student accommodation;house share;flat share;room only;parking;garage;commercial,all furnished or serviced
TRUE,Foxtons,E9,https://www.foxtons.co.uk/flats-to-rent/e9/bedroom/2?expand=1&auto_expand=1,short let;holiday let;serviced apartment;student accommodation;house share;flat share;room only;parking;garage;commercial,postcode + 2-bed flats URL; updated from /2-bedroom to /bedroom/2 pattern
TRUE,Foxtons,E8,https://www.foxtons.co.uk/flats-to-rent/e8/bedroom/2?expand=1&auto_expand=1,short let;holiday let;serviced apartment;student accommodation;house share;flat share;room only;parking;garage;commercial,postcode + 2-bed flats URL; updated from /2-bedroom to /bedroom/2 pattern
TRUE,Foxtons,N1,https://www.foxtons.co.uk/flats-to-rent/n1/bedroom/2?expand=1&auto_expand=1,short let;holiday let;serviced apartment;student accommodation;house share;flat share;room only;parking;garage;commercial,postcode + 2-bed flats URL; updated from /2-bedroom to /bedroom/2 pattern
TRUE,Foxtons,E2,https://www.foxtons.co.uk/flats-to-rent/e2/bedroom/2?expand=1&auto_expand=1,short let;holiday let;serviced apartment;student accommodation;house share;flat share;room only;parking;garage;commercial,postcode + 2-bed flats URL; updated from /2-bedroom to /bedroom/2 pattern
TRUE,Grainger,East,https://www.graingerplc.co.uk/locations/east-london,short let;holiday let;serviced apartment;student accommodation;house share;flat share;room only;parking;garage;commercial,East London rental location page; scraper should filter postcode_area after parsing
TRUE,Hamptons,E9,https://www.hamptons.co.uk/london/e9/lettings,short let;holiday let;serviced apartment;student accommodation;house share;flat share;room only;parking;garage;commercial,postcode-specific rental/search URL where available
TRUE,Hamptons,E8,https://www.hamptons.co.uk/london/e8/lettings,short let;holiday let;serviced apartment;student accommodation;house share;flat share;room only;parking;garage;commercial,postcode-specific rental/search URL where available
TRUE,Hamptons,N1,https://www.hamptons.co.uk/london/n1/lettings,short let;holiday let;serviced apartment;student accommodation;house share;flat share;room only;parking;garage;commercial,postcode-specific rental/search URL where available
TRUE,Hamptons,E2,https://www.hamptons.co.uk/london/e2/lettings,short let;holiday let;serviced apartment;student accommodation;house share;flat share;room only;parking;garage;commercial,postcode-specific rental/search URL where available
TRUE,Hello Neighbour,all,https://www.hello-neighbour.com/home-finder,short let;holiday let;serviced apartment;student accommodation;house share;flat share;room only;parking;garage;commercial,no URL parameters - it's JS rendering
TRUE,Home Made,E9,https://www.home-made.com/flats-to-rent/e9,short let;holiday let;serviced apartment;student accommodation;house share;flat share;room only;parking;garage;commercial,postcode-specific rental/search URL where available
TRUE,Home Made,E8,https://www.home-made.com/flats-to-rent/e8,short let;holiday let;serviced apartment;student accommodation;house share;flat share;room only;parking;garage;commercial,postcode-specific rental/search URL where available
TRUE,Home Made,N1,https://www.home-made.com/flats-to-rent/n1,short let;holiday let;serviced apartment;student accommodation;house share;flat share;room only;parking;garage;commercial,postcode-specific rental/search URL where available
TRUE,Home Made,E2,https://www.home-made.com/flats-to-rent/e2,short let;holiday let;serviced apartment;student accommodation;house share;flat share;room only;parking;garage;commercial,postcode-specific rental/search URL where available
TRUE,Homefinders,E9,https://www.homefinders.net/property-search/for-letting/in-E9/?showstc=on&showsold=on&department=Residential,short let;holiday let;serviced apartment;student accommodation;house share;flat share;room only;parking;garage;commercial,agent rental/search page; scraper should filter postcode_area after parsing; URL pattern needs live verification
TRUE,Homefinders,E8,https://www.homefinders.net/property-search/for-letting/in-E8/?showstc=on&showsold=on&department=Residential,short let;holiday let;serviced apartment;student accommodation;house share;flat share;room only;parking;garage;commercial,agent rental/search page; scraper should filter postcode_area after parsing; URL pattern needs live verification
TRUE,Homefinders,N1,https://www.homefinders.net/property-search/for-letting/in-N1/?showstc=on&showsold=on&department=Residential,short let;holiday let;serviced apartment;student accommodation;house share;flat share;room only;parking;garage;commercial,agent rental/search page; scraper should filter postcode_area after parsing; URL pattern needs live verification
TRUE,Homefinders,E2,https://www.homefinders.net/property-search/for-letting/in-E2/?showstc=on&showsold=on&department=Residential,short let;holiday let;serviced apartment;student accommodation;house share;flat share;room only;parking;garage;commercial,agent rental/search page; scraper should filter postcode_area after parsing; URL pattern needs live verification
TRUE,Hotblack Desiato,E9,https://hotblackdesiato.co.uk/properties/flat-to-rent/,short let;holiday let;serviced apartment;student accommodation;house share;flat share;room only;parking;garage;commercial,agent rental/search page; scraper should filter postcode_area after parsing
TRUE,Hotblack Desiato,E8,https://hotblackdesiato.co.uk/properties/flat-to-rent/,short let;holiday let;serviced apartment;student accommodation;house share;flat share;room only;parking;garage;commercial,agent rental/search page; scraper should filter postcode_area after parsing
TRUE,Hotblack Desiato,N1,https://hotblackdesiato.co.uk/properties/to-rent/in-n1/,short let;holiday let;serviced apartment;student accommodation;house share;flat share;room only;parking;garage;commercial,postcode-specific rental/search URL where available
TRUE,Hotblack Desiato,E2,https://hotblackdesiato.co.uk/properties/to-rent/in-shoreditch/,short let;holiday let;serviced apartment;student accommodation;house share;flat share;room only;parking;garage;commercial,area rental/search URL; scraper should filter postcode_area after parsing
TRUE,IDM Estates,E9,https://www.idmestates.com/index.php/property-search-2/,short let;holiday let;serviced apartment;student accommodation;house share;flat share;room only;parking;garage;commercial,agent rental/search page; scraper should filter postcode_area after parsing
TRUE,IDM Estates,E8,https://www.idmestates.com/index.php/property-search-2/,short let;holiday let;serviced apartment;student accommodation;house share;flat share;room only;parking;garage;commercial,agent rental/search page; scraper should filter postcode_area after parsing
TRUE,IDM Estates,N1,https://www.idmestates.com/index.php/property-search-2/,short let;holiday let;serviced apartment;student accommodation;house share;flat share;room only;parking;garage;commercial,agent rental/search page; scraper should filter postcode_area after parsing
TRUE,IDM Estates,E2,https://www.idmestates.com/index.php/property-search-2/,short let;holiday let;serviced apartment;student accommodation;house share;flat share;room only;parking;garage;commercial,agent rental/search page; scraper should filter postcode_area after parsing
TRUE,Inner City Estates,E9,https://www.innercityestates.com/london/hackney/lettings,short let;holiday let;serviced apartment;student accommodation;house share;flat share;room only;parking;garage;commercial,area rental/search URL; scraper should filter postcode_area after parsing
TRUE,Inner City Estates,E8,https://www.innercityestates.com/london/hackney/lettings,short let;holiday let;serviced apartment;student accommodation;house share;flat share;room only;parking;garage;commercial,area rental/search URL; scraper should filter postcode_area after parsing
TRUE,Inner City Estates,N1,https://www.innercityestates.com/properties/lettings,short let;holiday let;serviced apartment;student accommodation;house share;flat share;room only;parking;garage;commercial,agent rental/search page; scraper should filter postcode_area after parsing
TRUE,Inner City Estates,E2,https://www.innercityestates.com/london/bethnal-green/lettings,short let;holiday let;serviced apartment;student accommodation;house share;flat share;room only;parking;garage;commercial,area rental/search URL; scraper should filter postcode_area after parsing
TRUE,KFH,E9,https://www.kfh.co.uk/property/to-rent/,short let;holiday let;serviced apartment;student accommodation;house share;flat share;room only;parking;garage;commercial,agent rental/search page; scraper should filter postcode_area after parsing
TRUE,KFH,E8,https://www.kfh.co.uk/property/to-rent/,short let;holiday let;serviced apartment;student accommodation;house share;flat share;room only;parking;garage;commercial,agent rental/search page; scraper should filter postcode_area after parsing
TRUE,KFH,N1,https://www.kfh.co.uk/property/to-rent/,short let;holiday let;serviced apartment;student accommodation;house share;flat share;room only;parking;garage;commercial,agent rental/search page; scraper should filter postcode_area after parsing
TRUE,KFH,E2,https://www.kfh.co.uk/property/to-rent/,short let;holiday let;serviced apartment;student accommodation;house share;flat share;room only;parking;garage;commercial,agent rental/search page; scraper should filter postcode_area after parsing
TRUE,Knight Frank,E9,https://www.knightfrank.co.uk/properties/residential/to-let/uk-greater-london-hackney/all-types/all-beds,short let;holiday let;serviced apartment;student accommodation;house share;flat share;room only;parking;garage;commercial,area rental/search URL; scraper should filter postcode_area after parsing
TRUE,Knight Frank,E8,https://www.knightfrank.co.uk/properties/residential/to-let/uk-greater-london-hackney/all-types/all-beds,short let;holiday let;serviced apartment;student accommodation;house share;flat share;room only;parking;garage;commercial,area rental/search URL; scraper should filter postcode_area after parsing
TRUE,Knight Frank,N1,https://www.knightfrank.co.uk/properties/residential/to-let/uk-greater-london-islington/all-types/all-beds,short let;holiday let;serviced apartment;student accommodation;house share;flat share;room only;parking;garage;commercial,area rental/search URL; scraper should filter postcode_area after parsing
TRUE,Knight Frank,E2,https://www.knightfrank.co.uk/properties/residential/to-let/uk-greater-london-bethnal-green/all-types/all-beds,short let;holiday let;serviced apartment;student accommodation;house share;flat share;room only;parking;garage;commercial,area rental/search URL; scraper should filter postcode_area after parsing
TRUE,Letio,E9,https://helloletio.com/properties/,short let;holiday let;serviced apartment;student accommodation;house share;flat share;room only;parking;garage;commercial,agent rental/search page; scraper should filter postcode_area after parsing
TRUE,Letio,E8,https://helloletio.com/properties/,short let;holiday let;serviced apartment;student accommodation;house share;flat share;room only;parking;garage;commercial,agent rental/search page; scraper should filter postcode_area after parsing
TRUE,Letio,N1,https://helloletio.com/properties/,short let;holiday let;serviced apartment;student accommodation;house share;flat share;room only;parking;garage;commercial,agent rental/search page; scraper should filter postcode_area after parsing
TRUE,Letio,E2,https://helloletio.com/properties/,short let;holiday let;serviced apartment;student accommodation;house share;flat share;room only;parking;garage;commercial,agent rental/search page; scraper should filter postcode_area after parsing
TRUE,Maxwells Estates,E9,https://maxwellsestates.com/property-city/hackney/,short let;holiday let;serviced apartment;student accommodation;house share;flat share;room only;parking;garage;commercial,area rental/search URL; scraper should filter postcode_area after parsing
TRUE,Maxwells Estates,E8,https://maxwellsestates.com/property-city/hackney/,short let;holiday let;serviced apartment;student accommodation;house share;flat share;room only;parking;garage;commercial,area rental/search URL; scraper should filter postcode_area after parsing
TRUE,Maxwells Estates,N1,https://maxwellsestates.com/property-status/lettings/?view=list,short let;holiday let;serviced apartment;student accommodation;house share;flat share;room only;parking;garage;commercial,agent rental/search page; scraper should filter postcode_area after parsing
TRUE,Maxwells Estates,E2,https://maxwellsestates.com/property-status/lettings/?view=list,short let;holiday let;serviced apartment;student accommodation;house share;flat share;room only;parking;garage;commercial,agent rental/search page; scraper should filter postcode_area after parsing
TRUE,Next Move,E9,https://nextmove.com/properties/to-rent/,short let;holiday let;serviced apartment;student accommodation;house share;flat share;room only;parking;garage;commercial,agent rental/search page; scraper should filter postcode_area after parsing
TRUE,Next Move,E8,https://nextmove.com/properties/to-rent/,short let;holiday let;serviced apartment;student accommodation;house share;flat share;room only;parking;garage;commercial,agent rental/search page; scraper should filter postcode_area after parsing
TRUE,Next Move,N1,https://nextmove.com/properties/to-rent/,short let;holiday let;serviced apartment;student accommodation;house share;flat share;room only;parking;garage;commercial,agent rental/search page; scraper should filter postcode_area after parsing
TRUE,Next Move,E2,https://nextmove.com/properties/to-rent/,short let;holiday let;serviced apartment;student accommodation;house share;flat share;room only;parking;garage;commercial,agent rental/search page; scraper should filter postcode_area after parsing
TRUE,OpenRent,E9,https://www.openrent.co.uk/properties-to-rent/e9?term=E9&bedrooms_min=2&bedrooms_max=2,short let;holiday let;serviced apartment;student accommodation;house share;flat share;room only;parking;garage;commercial,postcode + 2-bed rentals URL; updated to new term-based format (term=long deprecated); scraper should apply long-let filter client-side
TRUE,OpenRent,E8,https://www.openrent.co.uk/properties-to-rent/e8?term=E8&bedrooms_min=2&bedrooms_max=2,short let;holiday let;serviced apartment;student accommodation;house share;flat share;room only;parking;garage;commercial,postcode + 2-bed rentals URL; updated to new term-based format (term=long deprecated); scraper should apply long-let filter client-side
TRUE,OpenRent,N1,https://www.openrent.co.uk/properties-to-rent/n1?term=N1&bedrooms_min=2&bedrooms_max=2,short let;holiday let;serviced apartment;student accommodation;house share;flat share;room only;parking;garage;commercial,postcode + 2-bed rentals URL; updated to new term-based format (term=long deprecated); scraper should apply long-let filter client-side
TRUE,OpenRent,E2,https://www.openrent.co.uk/properties-to-rent/e2?term=E2&bedrooms_min=2&bedrooms_max=2,short let;holiday let;serviced apartment;student accommodation;house share;flat share;room only;parking;garage;commercial,postcode + 2-bed rentals URL; updated to new term-based format (term=long deprecated); scraper should apply long-let filter client-side
TRUE,Portico,E9,https://www.portico.com/properties/to-rent/in-hackney/2-bedroom/,short let;holiday let;serviced apartment;student accommodation;house share;flat share;room only;parking;garage;commercial,area + 2-bed rental search URL; confirm first crawl
TRUE,Portico,E8,https://www.portico.com/properties/to-rent/in-hackney/2-bedroom/,short let;holiday let;serviced apartment;student accommodation;house share;flat share;room only;parking;garage;commercial,area + 2-bed rental search URL; confirm first crawl
TRUE,Portico,N1,https://www.portico.com/properties/to-rent/in-islington/2-bedroom/,short let;holiday let;serviced apartment;student accommodation;house share;flat share;room only;parking;garage;commercial,area + 2-bed rental search URL; confirm first crawl
TRUE,Portico,E2,https://www.portico.com/properties/to-rent/in-bethnal-green/2-bedroom/,short let;holiday let;serviced apartment;student accommodation;house share;flat share;room only;parking;garage;commercial,area + 2-bed rental search URL; confirm first crawl
FALSE,RE/MAX Star,E9,https://www.remaxstar.co.uk/properties-to-rent,short let;holiday let;serviced apartment;student accommodation;house share;flat share;room only;parking;garage;commercial,domain dead as of 2026-05-06; DNS error on remaxstar.co.uk and all variants
FALSE,RE/MAX Star,E8,https://www.remaxstar.co.uk/properties-to-rent,short let;holiday let;serviced apartment;student accommodation;house share;flat share;room only;parking;garage;commercial,domain dead as of 2026-05-06; DNS error on remaxstar.co.uk and all variants
FALSE,RE/MAX Star,N1,https://www.remaxstar.co.uk/properties-to-rent,short let;holiday let;serviced apartment;student accommodation;house share;flat share;room only;parking;garage;commercial,domain dead as of 2026-05-06; DNS error on remaxstar.co.uk and all variants
FALSE,RE/MAX Star,E2,https://www.remaxstar.co.uk/properties-to-rent,short let;holiday let;serviced apartment;student accommodation;house share;flat share;room only;parking;garage;commercial,domain dead as of 2026-05-06; DNS error on remaxstar.co.uk and all variants
TRUE,RentCityFlat,E9,https://www.rentcityflat.com/,short let;holiday let;serviced apartment;student accommodation;house share;flat share;room only;parking;garage;commercial,"agent rental/search page; scraper should filter postcode_area after parsing; no separate listing index found, scraper must ignore non-listing content"
TRUE,RentCityFlat,E8,https://www.rentcityflat.com/,short let;holiday let;serviced apartment;student accommodation;house share;flat share;room only;parking;garage;commercial,"agent rental/search page; scraper should filter postcode_area after parsing; no separate listing index found, scraper must ignore non-listing content"
TRUE,RentCityFlat,N1,https://www.rentcityflat.com/,short let;holiday let;serviced apartment;student accommodation;house share;flat share;room only;parking;garage;commercial,"agent rental/search page; scraper should filter postcode_area after parsing; no separate listing index found, scraper must ignore non-listing content"
TRUE,RentCityFlat,E2,https://www.rentcityflat.com/,short let;holiday let;serviced apartment;student accommodation;house share;flat share;room only;parking;garage;commercial,"agent rental/search page; scraper should filter postcode_area after parsing; no separate listing index found, scraper must ignore non-listing content"
TRUE,Rosewood Estates,E9,https://rosewoodestates.co.uk/rent/,short let;holiday let;serviced apartment;student accommodation;house share;flat share;room only;parking;garage;commercial,agent rental/search page; scraper should filter postcode_area after parsing
TRUE,Rosewood Estates,E8,https://rosewoodestates.co.uk/rent/,short let;holiday let;serviced apartment;student accommodation;house share;flat share;room only;parking;garage;commercial,agent rental/search page; scraper should filter postcode_area after parsing
TRUE,Rosewood Estates,N1,https://rosewoodestates.co.uk/rent/,short let;holiday let;serviced apartment;student accommodation;house share;flat share;room only;parking;garage;commercial,agent rental/search page; scraper should filter postcode_area after parsing
TRUE,Rosewood Estates,E2,https://rosewoodestates.co.uk/rent/,short let;holiday let;serviced apartment;student accommodation;house share;flat share;room only;parking;garage;commercial,agent rental/search page; scraper should filter postcode_area after parsing
TRUE,Sandra Davidson Estate Agents,E9,https://www.sandradavidson.com/property-to-let/,short let;holiday let;serviced apartment;student accommodation;house share;flat share;room only;parking;garage;commercial,agent rental/search page; scraper should filter postcode_area after parsing
TRUE,Sandra Davidson Estate Agents,E8,https://www.sandradavidson.com/property-to-let/,short let;holiday let;serviced apartment;student accommodation;house share;flat share;room only;parking;garage;commercial,agent rental/search page; scraper should filter postcode_area after parsing
TRUE,Sandra Davidson Estate Agents,N1,https://www.sandradavidson.com/property-to-let/,short let;holiday let;serviced apartment;student accommodation;house share;flat share;room only;parking;garage;commercial,agent rental/search page; scraper should filter postcode_area after parsing
TRUE,Sandra Davidson Estate Agents,E2,https://www.sandradavidson.com/property-to-let/,short let;holiday let;serviced apartment;student accommodation;house share;flat share;room only;parking;garage;commercial,agent rental/search page; scraper should filter postcode_area after parsing
TRUE,Savills,E9,https://search.savills.com/list/property-to-rent/england/london/e9,short let;holiday let;serviced apartment;student accommodation;house share;flat share;room only;parking;garage;commercial,postcode-specific rental/search URL where available
TRUE,Savills,E8,https://search.savills.com/list/property-to-rent/england/london/e8,short let;holiday let;serviced apartment;student accommodation;house share;flat share;room only;parking;garage;commercial,postcode-specific rental/search URL where available
TRUE,Savills,N1,https://search.savills.com/list/property-to-rent/england/london/n1,short let;holiday let;serviced apartment;student accommodation;house share;flat share;room only;parking;garage;commercial,postcode-specific rental/search URL where available
TRUE,Savills,E2,https://search.savills.com/list/property-to-rent/england/london/e2,short let;holiday let;serviced apartment;student accommodation;house share;flat share;room only;parking;garage;commercial,postcode-specific rental/search URL where available
TRUE,Scraye,E9,https://www.scraye.com/rent/MA/london,short let;holiday let;serviced apartment;student accommodation;house share;flat share;room only;parking;garage;commercial,agent rental/search page; scraper should filter postcode_area after parsing
TRUE,Scraye,E8,https://www.scraye.com/rent/MA/london,short let;holiday let;serviced apartment;student accommodation;house share;flat share;room only;parking;garage;commercial,agent rental/search page; scraper should filter postcode_area after parsing
TRUE,Scraye,N1,https://www.scraye.com/rent/MA/london,short let;holiday let;serviced apartment;student accommodation;house share;flat share;room only;parking;garage;commercial,agent rental/search page; scraper should filter postcode_area after parsing
TRUE,Scraye,E2,https://www.scraye.com/rent/MA/london,short let;holiday let;serviced apartment;student accommodation;house share;flat share;room only;parking;garage;commercial,agent rental/search page; scraper should filter postcode_area after parsing
TRUE,Stirling Ackroyd,E9,https://www.stirlingackroyd.com/property-to-rent-hackney/,short let;holiday let;serviced apartment;student accommodation;house share;flat share;room only;parking;garage;commercial,area rental/search URL; scraper should filter postcode_area after parsing
TRUE,Stirling Ackroyd,E8,https://www.stirlingackroyd.com/property-to-rent-hackney/,short let;holiday let;serviced apartment;student accommodation;house share;flat share;room only;parking;garage;commercial,area rental/search URL; scraper should filter postcode_area after parsing
TRUE,Stirling Ackroyd,N1,https://www.stirlingackroyd.com/property-to-rent-islington/,short let;holiday let;serviced apartment;student accommodation;house share;flat share;room only;parking;garage;commercial,area rental/search URL; scraper should filter postcode_area after parsing
TRUE,Stirling Ackroyd,E2,https://www.stirlingackroyd.com/property-to-rent-shoreditch/,short let;holiday let;serviced apartment;student accommodation;house share;flat share;room only;parking;garage;commercial,area rental/search URL; scraper should filter postcode_area after parsing
TRUE,Victor Michael,E9,https://victormichael.com/property-results/department/residential-lettings/,short let;holiday let;serviced apartment;student accommodation;house share;flat share;room only;parking;garage;commercial,agent rental/search page; scraper should filter postcode_area after parsing
TRUE,Victor Michael,E8,https://victormichael.com/property-results/department/residential-lettings/,short let;holiday let;serviced apartment;student accommodation;house share;flat share;room only;parking;garage;commercial,agent rental/search page; scraper should filter postcode_area after parsing
TRUE,Victor Michael,N1,https://victormichael.com/property-results/department/residential-lettings/,short let;holiday let;serviced apartment;student accommodation;house share;flat share;room only;parking;garage;commercial,agent rental/search page; scraper should filter postcode_area after parsing
TRUE,Victor Michael,E2,https://victormichael.com/property-results/department/residential-lettings/,short let;holiday let;serviced apartment;student accommodation;house share;flat share;room only;parking;garage;commercial,agent rental/search page; scraper should filter postcode_area after parsing
TRUE,Victorstone,E9,https://victorstone.co.uk/residential/rent/,short let;holiday let;serviced apartment;student accommodation;house share;flat share;room only;parking;garage;commercial,agent rental/search page; scraper should filter postcode_area after parsing
TRUE,Victorstone,E8,https://victorstone.co.uk/residential/rent/,short let;holiday let;serviced apartment;student accommodation;house share;flat share;room only;parking;garage;commercial,agent rental/search page; scraper should filter postcode_area after parsing
TRUE,Victorstone,N1,https://victorstone.co.uk/residential/rent/,short let;holiday let;serviced apartment;student accommodation;house share;flat share;room only;parking;garage;commercial,agent rental/search page; scraper should filter postcode_area after parsing
TRUE,Victorstone,E2,https://victorstone.co.uk/residential/rent/,short let;holiday let;serviced apartment;student accommodation;house share;flat share;room only;parking;garage;commercial,agent rental/search page; scraper should filter postcode_area after parsing
TRUE,Winkworth,E9,https://www.winkworth.co.uk/london/hackney/flats-to-let,short let;holiday let;serviced apartment;student accommodation;house share;flat share;room only;parking;garage;commercial,area rental/search URL; scraper should filter postcode_area after parsing
TRUE,Winkworth,E8,https://www.winkworth.co.uk/london/hackney/flats-to-let,short let;holiday let;serviced apartment;student accommodation;house share;flat share;room only;parking;garage;commercial,area rental/search URL; scraper should filter postcode_area after parsing
TRUE,Winkworth,N1,https://www.winkworth.co.uk/london/islington/flats-to-let,short let;holiday let;serviced apartment;student accommodation;house share;flat share;room only;parking;garage;commercial,area rental/search URL; scraper should filter postcode_area after parsing
TRUE,Winkworth,E2,https://www.winkworth.co.uk/london/shoreditch/flats-to-let,short let;holiday let;serviced apartment;student accommodation;house share;flat share;room only;parking;garage;commercial,area rental/search URL; scraper should filter postcode_area after parsing
TRUE,Zen Homes,E9,https://zen-homes.co.uk/lettings,short let;holiday let;serviced apartment;student accommodation;house share;flat share;room only;parking;garage;commercial,agent rental/search page; scraper should filter postcode_area after parsing
TRUE,Zen Homes,E8,https://zen-homes.co.uk/lettings,short let;holiday let;serviced apartment;student accommodation;house share;flat share;room only;parking;garage;commercial,agent rental/search page; scraper should filter postcode_area after parsing
TRUE,Zen Homes,N1,https://zen-homes.co.uk/lettings,short let;holiday let;serviced apartment;student accommodation;house share;flat share;room only;parking;garage;commercial,agent rental/search page; scraper should filter postcode_area after parsing
TRUE,Zen Homes,E2,https://zen-homes.co.uk/lettings,short let;holiday let;serviced apartment;student accommodation;house share;flat share;room only;parking;garage;commercial,agent rental/search page; scraper should filter postcode_area after parsing
TRUE,Alex Crown Lettings & Estate Agents,E9,https://www.alexcrown.co.uk/let/property-to-let,short let;holiday let;serviced apartment;student accommodation;house share;flat share;room only;parking;garage;commercial,agent rental/search page; scraper should filter postcode_area after parsing
TRUE,Alex Crown Lettings & Estate Agents,E8,https://www.alexcrown.co.uk/let/property-to-let,short let;holiday let;serviced apartment;student accommodation;house share;flat share;room only;parking;garage;commercial,agent rental/search page; scraper should filter postcode_area after parsing
TRUE,Alex Crown Lettings & Estate Agents,N1,https://www.alexcrown.co.uk/let/property-to-let,short let;holiday let;serviced apartment;student accommodation;house share;flat share;room only;parking;garage;commercial,agent rental/search page; scraper should filter postcode_area after parsing
TRUE,Alex Crown Lettings & Estate Agents,E2,https://www.alexcrown.co.uk/let/property-to-let,short let;holiday let;serviced apartment;student accommodation;house share;flat share;room only;parking;garage;commercial,agent rental/search page; scraper should filter postcode_area after parsing
TRUE,Andrew Lloyd Estates,E9,https://andrewlloyd.net/?taxonomy=availability&term=to-let,short let;holiday let;serviced apartment;student accommodation;house share;flat share;room only;parking;garage;commercial,agent rental/search page; scraper should filter postcode_area after parsing
TRUE,Andrew Lloyd Estates,E8,https://andrewlloyd.net/?taxonomy=availability&term=to-let,short let;holiday let;serviced apartment;student accommodation;house share;flat share;room only;parking;garage;commercial,agent rental/search page; scraper should filter postcode_area after parsing
TRUE,Andrew Lloyd Estates,N1,https://andrewlloyd.net/?taxonomy=availability&term=to-let,short let;holiday let;serviced apartment;student accommodation;house share;flat share;room only;parking;garage;commercial,agent rental/search page; scraper should filter postcode_area after parsing
TRUE,Andrew Lloyd Estates,E2,https://andrewlloyd.net/?taxonomy=availability&term=to-let,short let;holiday let;serviced apartment;student accommodation;house share;flat share;room only;parking;garage;commercial,agent rental/search page; scraper should filter postcode_area after parsing
TRUE,Knight Bishop,E9,https://www.knightbishop.co.uk/Properties.aspx?mode=1,short let;holiday let;serviced apartment;student accommodation;house share;flat share;room only;parking;garage;commercial,agent rental/search page; scraper should filter postcode_area after parsing
TRUE,Knight Bishop,E8,https://www.knightbishop.co.uk/Properties.aspx?mode=1,short let;holiday let;serviced apartment;student accommodation;house share;flat share;room only;parking;garage;commercial,agent rental/search page; scraper should filter postcode_area after parsing
TRUE,Knight Bishop,N1,https://www.knightbishop.co.uk/Properties.aspx?mode=1,short let;holiday let;serviced apartment;student accommodation;house share;flat share;room only;parking;garage;commercial,agent rental/search page; scraper should filter postcode_area after parsing
TRUE,Knight Bishop,E2,https://www.knightbishop.co.uk/Properties.aspx?mode=1,short let;holiday let;serviced apartment;student accommodation;house share;flat share;room only;parking;garage;commercial,agent rental/search page; scraper should filter postcode_area after parsing
TRUE,Felicity J. Lord,E9,https://www.fjlord.co.uk/renting/,short let;holiday let;serviced apartment;student accommodation;house share;flat share;room only;parking;garage;commercial,agent rental/search page; scraper should filter postcode_area after parsing
TRUE,Felicity J. Lord,E8,https://www.fjlord.co.uk/renting/,short let;holiday let;serviced apartment;student accommodation;house share;flat share;room only;parking;garage;commercial,agent rental/search page; scraper should filter postcode_area after parsing
TRUE,Felicity J. Lord,N1,https://www.fjlord.co.uk/renting/,short let;holiday let;serviced apartment;student accommodation;house share;flat share;room only;parking;garage;commercial,agent rental/search page; scraper should filter postcode_area after parsing
TRUE,Felicity J. Lord,E2,https://www.fjlord.co.uk/renting/,short let;holiday let;serviced apartment;student accommodation;house share;flat share;room only;parking;garage;commercial,agent rental/search page; scraper should filter postcode_area after parsing
TRUE,Harris Brown,E9,https://www.harrisbrown.co.uk/properties/lettings,short let;holiday let;serviced apartment;student accommodation;house share;flat share;room only;parking;garage;commercial,agent rental/search page; scraper should filter postcode_area after parsing
TRUE,Harris Brown,E8,https://www.harrisbrown.co.uk/properties/lettings,short let;holiday let;serviced apartment;student accommodation;house share;flat share;room only;parking;garage;commercial,agent rental/search page; scraper should filter postcode_area after parsing
TRUE,Harris Brown,N1,https://www.harrisbrown.co.uk/london/islington/lettings,short let;holiday let;serviced apartment;student accommodation;house share;flat share;room only;parking;garage;commercial,area rental/search URL; scraper should filter postcode_area after parsing
TRUE,Harris Brown,E2,https://www.harrisbrown.co.uk/properties/lettings,short let;holiday let;serviced apartment;student accommodation;house share;flat share;room only;parking;garage;commercial,agent rental/search page; scraper should filter postcode_area after parsing
TRUE,Neilson & Bauer,E9,https://www.neilsonbauer.com/search-results/for-rent,short let;holiday let;serviced apartment;student accommodation;house share;flat share;room only;parking;garage;commercial,agent rental/search page; scraper should filter postcode_area after parsing
TRUE,Neilson & Bauer,E8,https://www.neilsonbauer.com/search-results/for-rent,short let;holiday let;serviced apartment;student accommodation;house share;flat share;room only;parking;garage;commercial,agent rental/search page; scraper should filter postcode_area after parsing
TRUE,Neilson & Bauer,N1,https://www.neilsonbauer.com/search-results/for-rent,short let;holiday let;serviced apartment;student accommodation;house share;flat share;room only;parking;garage;commercial,agent rental/search page; scraper should filter postcode_area after parsing
TRUE,Neilson & Bauer,E2,https://www.neilsonbauer.com/search-results/for-rent,short let;holiday let;serviced apartment;student accommodation;house share;flat share;room only;parking;garage;commercial,agent rental/search page; scraper should filter postcode_area after parsing
TRUE,Let UK Home / Letukhome,E9,https://www.letukhome.co.uk/rent-house-roommate,short let;holiday let;serviced apartment;student accommodation;house share;flat share;room only;parking;garage;commercial,agent rental/search page; scraper should filter postcode_area after parsing
TRUE,Let UK Home / Letukhome,E8,https://www.letukhome.co.uk/rent-house-roommate,short let;holiday let;serviced apartment;student accommodation;house share;flat share;room only;parking;garage;commercial,agent rental/search page; scraper should filter postcode_area after parsing
TRUE,Let UK Home / Letukhome,N1,https://www.letukhome.co.uk/rent-house-roommate,short let;holiday let;serviced apartment;student accommodation;house share;flat share;room only;parking;garage;commercial,agent rental/search page; scraper should filter postcode_area after parsing
TRUE,Let UK Home / Letukhome,E2,https://www.letukhome.co.uk/rent-house-roommate,short let;holiday let;serviced apartment;student accommodation;house share;flat share;room only;parking;garage;commercial,agent rental/search page; scraper should filter postcode_area after parsing
TRUE,Hunters,E9,https://www.hunters.com/search-results/in-e9/,short let;holiday let;serviced apartment;student accommodation;house share;flat share;room only;parking;garage;commercial,postcode-specific rental/search URL; updated from broken /property-search/for-rent/ generic redirect
TRUE,Hunters,E8,https://www.hunters.com/search-results/in-e8/,short let;holiday let;serviced apartment;student accommodation;house share;flat share;room only;parking;garage;commercial,postcode-specific rental/search URL; updated from broken /property-search/for-rent/ generic redirect
TRUE,Hunters,N1,https://www.hunters.com/search-results/in-n1/,short let;holiday let;serviced apartment;student accommodation;house share;flat share;room only;parking;garage;commercial,postcode-specific rental/search URL; corrected from wrong Shoreditch office URL to N1 postcode search
TRUE,Hunters,E2,https://www.hunters.com/search-results/in-e2/,short let;holiday let;serviced apartment;student accommodation;house share;flat share;room only;parking;garage;commercial,postcode-specific rental/search URL; updated from /office/shoreditch/property-to-rent/ to E2 postcode search
TRUE,Keatons,E9,https://www.keatons.com/offices/hackney-mare-street/,short let;holiday let;serviced apartment;student accommodation;house share;flat share;room only;parking;garage;commercial,"office/lettings page; confirm listing crawl; area rental/search URL; scraper should filter postcode_area after parsing; candidate from >14-day OnTheMarket pass, recency not fully verified"
TRUE,Keatons,E8,https://www.keatons.com/offices/hackney-mare-street/,short let;holiday let;serviced apartment;student accommodation;house share;flat share;room only;parking;garage;commercial,"office/lettings page; confirm listing crawl; area rental/search URL; scraper should filter postcode_area after parsing; candidate from >14-day OnTheMarket pass, recency not fully verified"
FALSE,Keatons,N1,https://www.keatons.com/,short let;holiday let;serviced apartment;student accommodation;house share;flat share;room only;parking;garage;commercial,"candidate; no reliable rental search URL found in quick pass; manual verification recommended; candidate from >14-day OnTheMarket pass, recency not fully verified"
FALSE,Keatons,E2,https://www.keatons.com/,short let;holiday let;serviced apartment;student accommodation;house share;flat share;room only;parking;garage;commercial,"candidate; no reliable rental search URL found in quick pass; manual verification recommended; candidate from >14-day OnTheMarket pass, recency not fully verified"
TRUE,John D Wood & Co,E9,https://www.johndwood.co.uk/london/hackney/lettings,short let;holiday let;serviced apartment;student accommodation;house share;flat share;room only;parking;garage;commercial,area rental/search URL; corrected from broken /properties-to-rent/hackney to /london/hackney/lettings
TRUE,John D Wood & Co,E8,https://www.johndwood.co.uk/london/hackney/lettings,short let;holiday let;serviced apartment;student accommodation;house share;flat share;room only;parking;garage;commercial,area rental/search URL; corrected from broken /properties-to-rent/hackney to /london/hackney/lettings
TRUE,John D Wood & Co,N1,https://www.johndwood.co.uk/london/islington/lettings,short let;holiday let;serviced apartment;student accommodation;house share;flat share;room only;parking;garage;commercial,area rental/search URL; corrected from broken /properties-to-rent/islington to /london/islington/lettings
TRUE,John D Wood & Co,E2,https://www.johndwood.co.uk/london/bethnal-green/lettings,short let;holiday let;serviced apartment;student accommodation;house share;flat share;room only;parking;garage;commercial,area rental/search URL; corrected from broken /properties-to-rent/bethnal-green to /london/bethnal-green/lettings
TRUE,Filey Properties,E9,https://www.fileyproperties.com/properties-to-rent-filey-properties/,short let;holiday let;serviced apartment;student accommodation;house share;flat share;room only;parking;garage;commercial,agent rental/search page; URL updated from /properties-to-rent (redirect) to correct path
TRUE,Filey Properties,E8,https://www.fileyproperties.com/properties-to-rent-filey-properties/,short let;holiday let;serviced apartment;student accommodation;house share;flat share;room only;parking;garage;commercial,agent rental/search page; URL updated from /properties-to-rent (redirect) to correct path
TRUE,Filey Properties,N1,https://www.fileyproperties.com/properties-to-rent-filey-properties/,short let;holiday let;serviced apartment;student accommodation;house share;flat share;room only;parking;garage;commercial,agent rental/search page; URL updated from /properties-to-rent (redirect) to correct path
TRUE,Filey Properties,E2,https://www.fileyproperties.com/properties-to-rent-filey-properties/,short let;holiday let;serviced apartment;student accommodation;house share;flat share;room only;parking;garage;commercial,agent rental/search page; URL updated from /properties-to-rent (redirect) to correct path
TRUE,Bigmove Sales & Lettings,E9,https://www.bigmove.uk.com/properties-to-rent,short let;holiday let;serviced apartment;student accommodation;house share;flat share;room only;parking;garage;commercial,"agent rental/search page; scraper should filter postcode_area after parsing; URL pattern needs live verification; candidate from >14-day OnTheMarket pass, recency not fully verified"
TRUE,Bigmove Sales & Lettings,E8,https://www.bigmove.uk.com/properties-to-rent,short let;holiday let;serviced apartment;student accommodation;house share;flat share;room only;parking;garage;commercial,"agent rental/search page; scraper should filter postcode_area after parsing; URL pattern needs live verification; candidate from >14-day OnTheMarket pass, recency not fully verified"
TRUE,Bigmove Sales & Lettings,N1,https://www.bigmove.uk.com/properties-to-rent,short let;holiday let;serviced apartment;student accommodation;house share;flat share;room only;parking;garage;commercial,"agent rental/search page; scraper should filter postcode_area after parsing; URL pattern needs live verification; candidate from >14-day OnTheMarket pass, recency not fully verified"
TRUE,Bigmove Sales & Lettings,E2,https://www.bigmove.uk.com/properties-to-rent,short let;holiday let;serviced apartment;student accommodation;house share;flat share;room only;parking;garage;commercial,"agent rental/search page; scraper should filter postcode_area after parsing; URL pattern needs live verification; candidate from >14-day OnTheMarket pass, recency not fully verified"
FALSE,Edward Lewis & Co,E9,https://www.edwardlewis.com/properties-to-rent,short let;holiday let;serviced apartment;student accommodation;house share;flat share;room only;parking;garage;commercial,edwardlewis.com is not a UK estate agent; DNS error on /properties-to-rent path; disabled as of 2026-05-06
FALSE,Edward Lewis & Co,E8,https://www.edwardlewis.com/properties-to-rent,short let;holiday let;serviced apartment;student accommodation;house share;flat share;room only;parking;garage;commercial,edwardlewis.com is not a UK estate agent; DNS error on /properties-to-rent path; disabled as of 2026-05-06
FALSE,Edward Lewis & Co,N1,https://www.edwardlewis.com/properties-to-rent,short let;holiday let;serviced apartment;student accommodation;house share;flat share;room only;parking;garage;commercial,edwardlewis.com is not a UK estate agent; DNS error on /properties-to-rent path; disabled as of 2026-05-06
FALSE,Edward Lewis & Co,E2,https://www.edwardlewis.com/properties-to-rent,short let;holiday let;serviced apartment;student accommodation;house share;flat share;room only;parking;garage;commercial,edwardlewis.com is not a UK estate agent; DNS error on /properties-to-rent path; disabled as of 2026-05-06
FALSE,Druce,E9,https://www.druce.com/properties-to-rent,short let;holiday let;serviced apartment;student accommodation;house share;flat share;room only;parking;garage;commercial,Druce covers West/Central London only (Kensington/Notting Hill/Chelsea/Fulham etc.) - no E9/E8/N1/E2 coverage; correct rental URL is /uk/property-for-rent but irrelevant for these postcodes
FALSE,Druce,E8,https://www.druce.com/properties-to-rent,short let;holiday let;serviced apartment;student accommodation;house share;flat share;room only;parking;garage;commercial,Druce covers West/Central London only (Kensington/Notting Hill/Chelsea/Fulham etc.) - no E9/E8/N1/E2 coverage; correct rental URL is /uk/property-for-rent but irrelevant for these postcodes
FALSE,Druce,N1,https://www.druce.com/properties-to-rent,short let;holiday let;serviced apartment;student accommodation;house share;flat share;room only;parking;garage;commercial,Druce covers West/Central London only (Kensington/Notting Hill/Chelsea/Fulham etc.) - no E9/E8/N1/E2 coverage; correct rental URL is /uk/property-for-rent but irrelevant for these postcodes
FALSE,Druce,E2,https://www.druce.com/properties-to-rent,short let;holiday let;serviced apartment;student accommodation;house share;flat share;room only;parking;garage;commercial,Druce covers West/Central London only (Kensington/Notting Hill/Chelsea/Fulham etc.) - no E9/E8/N1/E2 coverage; correct rental URL is /uk/property-for-rent but irrelevant for these postcodes